sequence,label
VLDPGLRPG,1
HIVYHGVVS,1
QRRRILCGP,1
MSYMRSFND,1
VNDIIRRDQ,1
LFYSKQMEA,1
DWPCCDMAS,1
VQHYFQFLW,1
GFIVTYNSY,1
IVSNVVMWA,1
FAFVWGSNS,1
HDQICDLYF,1
CWQVLHVNE,1
EASPPTWAL,1
HWKVIATKC,1
HVMATMVMR,1
NLKGTPDYH,1
HRSHVHFWN,1
ADASRDRTE,1
YDHNIAEEL,1
EEHWGYQLH,1
QLCWECKRH,1
DSPPENGRG,1
IIWNNLAVS,1
WDWDQRPPA,1
YKQAGDYIV,1
KFCIESTMI,1
EGHVMGDED,1
PSLWQVGHW,1
HLLMNDESD,1
CRHQYPGMY,1
DPFMGGSKS,1
FPCGHSWGW,1
TRMYCDFSH,1
LTQQHNHKP,1
KFRRIDFFF,1
SIVAWINPF,1
CAHHPNRLH,1
KMTFNTEVT,1
HEHGMDPNF,1
VDYNNGRMP,1
MPAVEQWSY,1
NIGRCPARY,1
TCLDLWATV,1
LLRYFEHHC,1
VCTWLTEFG,1
GHFWFWDNC,1
WKRLRSFPW,1
HCAKTLFGM,1
SNCGCKQSE,1
YRYQHTMPI,1
NFFMMFFIS,1
PTFMMYCHP,1
FEDQQKKNA,1
CRMCGGIKW,1
LNWNMLTIY,1
SEWARKGHG,1
HHKAFWFTK,1
EVVYWMLSM,1
HRNEYTDLP,1
LPMRMSFVW,1
PNCTDCCVN,1
NCYTYMKVT,1
MSWPGNDHV,1
FGASGRSCP,1
TSEHSLFGY,1
RWMLMIHND,1
KANWSTDAA,1
WKMRISSVN,1
ANNINCAIY,1
EPWEINSDW,1
LFLIICVQN,1
YVFVYREFM,1
SWKKARVIN,1
IVNLQQQEV,1
MVSILLMDT,1
NWGEEESNA,1
ENHHFAQVK,1
YVSYRVTPL,1
HMFTTIPMT,1
GGVKPWGMV,1
AVHIPDFGG,1
DCDRCIMLH,1
IWIKSIDTR,1
DMVLQTDTN,1
RHGDLGGVH,1
GPDKHAPDG,1
WPDTIFNDR,1
VLEHGDLYT,1
WWPTGHMYD,1
WNGFPQFEL,1
EQYAPAQEQ,1
NYVDLNEGR,1
LIMIFCVDF,1
RPYAMYIVH,1
CGRNWKEYQ,1
NTAYSYILQ,1
MHPQNNTHI,1
EPNTYEVVR,1
TLEHHAYPQ,1
CYYWWRQGV,1
YPHPSMLYR,1
AIPFSNCGM,1
AMMKVGWEP,1
HMIWEVMVC,1
TFRQSWIHA,1
APGARRREL,1
DGEDKIREM,1
EGDQFQCAF,1
VFFKHNKHV,1
NIHSQNQHN,1
WCWLYAPHR,1
RGMDQNFEG,1
KVKMKVQMD,1
MYRGKIKDC,1
HYPYFASPT,1
LKVYDYSRR,1
HYYFYIISM,1
GHLPQQPFV,1
HYYGEYYWP,1
PELNKFSHY,1
VLVKDHKPK,1
CWQIWLFFL,1
AMSSQLYPD,1
SFNNHAYEH,1
QGYTFAPTH,1
AMGTRGWFG,1
CWHNKNLGY,1
LRYADPWEM,1
QPGRNHFHH,1
WMVKMDCYA,1
WAAIDPFIS,1
RTSHPENWF,1
VQNVNEGGI,1
STLTMTFHP,1
LYTYEFHHD,1
IKIIPWQQN,1
GLGKKEGLP,1
YYRFHVQEE,1
KMGKKSIVG,1
RWTCGFITI,1
SHHVRMHAQ,1
LDTSWINDN,1
KIWTFHHPS,1
QHNPFQVED,1
MLYWPITFR,1
TESTHGCAT,1
WKMLRLIRF,1
HHLTRAPNK,1
KWHKMMYQW,1
KKDHTSPVT,1
FLKFDTNMV,1
GKDENKHCK,1
FCHIHYCLI,1
VECCSECCH,1
PYYRLRIPW,1
CKHICILFM,1
WHFVLMENW,1
MAMENFHQL,1
GMNTKQRQS,1
QSKWMTIYG,1
KCPDELNSK,1
RIFESEDKC,1
QKKRMLTYH,1
TANCMHWTQ,1
WCDLKARVS,1
TLQDAHVEN,1
NMLIILPLG,1
FRVPLLRTH,1
AWRGDATAV,1
GANMGLGCV,1
HTIVGQMQP,1
GCVVPHKWW,1
LIGNEGNII,1
VRKCPTNLA,1
YTNWWECFG,1
GTREQCWTT,1
QTWCMDGHR,1
MTTHQIHRH,1
VPMCCVKEE,1
VFWKPPMMK,1
ADIHPGRAG,1
RASYRFAGT,1
FVVSILRSF,1
RIWQLFQGT,1
TSVELTHCL,1
CVVDDWMCF,1
HHPSEYGEQ,1
TESPAELPI,1
GSHIPHLVM,1
TDADTNMHE,1
DWTHPKKGF,1
VNVKGECRW,1
DLMVDHHDY,1
LWAYCRLLS,1
GFNSLVKIE,1
FVIGCSYKN,1
QVCNINTVP,1
FRCETGSCE,1
YIREYQAEV,1
QYAYSTLQG,1
WMVETYHIE,1
DKYRTVAHE,1
IQPLCKYSG,1
FSDYHMMPY,1
PINEYGMIL,1
KMFALHKAK,1
TGPCMGAFA,1
REIGVIPQE,1
DRYTTTHTV,1
NTNYAWTKH,1
INCRYRSTN,1
TKCGPNNHN,1
ALYHQKFLT,1
QHMCDEVYP,1
SVNIVVRHT,1
PYSQGSMGL,1
DGEDSNETC,1
KSRRIDPVM,1
SRSKNHSRT,1
QVKCMQEDE,1
FLFVMASMA,1
LLYTSCNIC,1
GDFAMAGIK,1
AGPDMTYDM,1
LNTCHLYSE,1
RAGCLHMQI,1
TESWRHYLS,1
MWLVHGDGK,1
SQIRLHWLE,1
RGTFTMWLK,1
RMECNQWAF,1
NLKRTVVNE,1
WGKTNNCWP,1
SYLILFKKK,1
RKRKYMNVH,1
VSEYFDMTA,1
DSHEYIYYY,1
IRWADSVIL,1
IIGIPNIGI,1
KYIGECASF,1
WYCPRCPNG,1
PDEVYVSAQ,1
VFCTCPRVI,1
FASAEAVMY,1
CGPTEFHTQ,1
GAHWLKSIL,1
CNDWLATMR,1
RSDDMHIVN,1
WGNGQCYKE,1
THCCLSYGG,1
WSVHYNSLH,1
WKWHMYTGE,1
FACQNNETL,1
EWTCIGNCE,1
CQCYDPMND,1
EAHGQSIFN,1
CWMDNNQAM,1
DFYHKICMQ,1
VPPLVPSWG,1
RVWQCENDS,1
WQCKGDNQN,1
AARTTEHIQ,1
GRQTNTKDP,1
NHEWHECKP,1
LIEGQSFDW,1
HGANWGGCD,1
WPKHHMDWY,1
TKMQDEEIV,1
CEIMECQLF,1
CFGNSCLCN,1
LYIKRKFCL,1
KDEKNEMVL,1
NREWTFATK,1
IHHQNCAFI,1
AFKECRHYD,1
NKQMHRMVN,1
VIKLSGHWY,1
GCAFYGDIF,1
NFIGFDSFC,1
RELYWKCGV,1
LWKVYNLFN,1
NCPGDYYCN,1
HCFFHAYHN,1
MFAGMYQAG,1
DMMLHEDSQ,1
SQSMQQIPE,1
EDIWVSHMW,1
PTGDRCISY,1
GRADHQQMW,1
PNCSFLVWQ,1
YAHQVFSAI,1
DVCHQVERT,1
LSCQCIPAQ,1
EMVWGGGPH,1
RDNTVKTDS,1
SGEAQKDEP,1
FPIPWMAPR,1
LKPNKKEYQ,1
KGNARWTDR,1
PVFKQPTWT,1
AQVTVQNGC,1
IPTAYGHSK,1
YPILSECEP,1
TLPLRNPRN,1
LFEEGWKMI,1
PNTVAWQSK,1
TIHSYWGYM,1
TFTVHERVN,1
APVSQNPGP,1
GYQWQHIKF,1
EVTGPGVRN,1
LRDIVAPMF,1
IHMGCALQR,1
TWKDMWCHL,1
EETLVIQAS,1
LCMGNQSHK,1
HRVMVTQHR,1
PAQTCQFGW,1
HNTRFKMNG,1
YCPATDFLI,1
RVKHEIGAS,1
EYKDWELQF,1
DWTLWGDPY,1
IYDDPEECC,1
PWKMGWVWD,1
PPKYIYHGH,1
NIACFRFQD,1
ADKTRFSNF,1
QNAHAQTHC,1
WEYRGPWPQ,1
AVWWHFVWD,1
SSSMYDKAG,1
RMVRDTKPK,1
IDFAEISAF,1
KHIKEQGAQ,1
TMRQVVRGP,1
AWTDDYIKI,1
YCSFCFKRS,1
EVHMAVAKS,1
AKNHFMPGL,1
VDGNKSVDD,1
DICAQFDRI,1
IKAKMPSWM,1
CCYRPDRIS,1
LITHEQKVV,1
PTHEMWLRL,1
AESCRWMWA,1
DARAASEWC,1
EDCFECCDP,1
NCMQFLGTA,1
ASVEKYLAS,1
QYMHHIMFW,1
LERPATCKD,1
SPFRQFVSL,1
PEGIAPEGW,1
SVRPVKMNN,1
PPMNCYFHN,1
KATCWFATP,1
GFQHHYEMK,1
LSVRVDCWI,1
ANYGNNWYQ,1
LITYAKAAT,1
HGKHNQEGT,1
RFKNPRYGN,1
DRQQKASPI,1
WPVDMVPWS,1
REKSRYLFS,1
WIMMMDSMS,1
GFICLAYCL,1
PPWPVFMRE,1
DNDGNEFPQ,1
FQRLNVFLG,1
FRIMPLANP,1
LYSNADCQC,1
FHIMVPIQH,1
PNTPLLAIG,1
DNEMSCDRC,1
WLQFLMMRK,1
SCCVSNGRW,1
GRMWLWDYW,1
MIKVHHAYR,1
HYIYHRACA,1
KIYSLHHFF,1
QDHFYLSDS,1
LSGPHTLKN,1
LTNYFRDGG,1
FRATQWFKV,1
SIRRWRNRY,1
DCRHARSCL,1
QEEWAHIEQ,1
WWTSVLIET,1
WIDVWAMEG,1
RGVKPQHMV,1
GWGFIGFAL,1
MGEHMLWFI,1
KCAGHTGMH,1
SPGYGDQGS,1
VETQPERTA,1
DPQTDYKGT,1
NFGMVVSDD,1
PWKATWTDF,1
LSHAHTYKE,1
EKKYMCFRK,1
PRHPERMNV,1
RNVLMVVYM,1
MYFHFWWFY,1
PAFLKVGSM,1
RYMAREDLI,1
DGKGASEIK,1
EHVDIHTAR,1
MLMYGPGAS,1
DKPQRKFPW,1
CHIKVPQPI,1
QPGDRGWTV,1
YLPRVWPWS,1
RKVNVRCSR,1
RTLYFPIGG,1
DIKPLWMLE,1
PKHAVVRQL,1
IYTNRTFKI,1
FCTMPPIKF,1
KFWWHGHFW,1
GLITVVERW,1
NQLPVRAMK,1
LQEMSPCPN,1
NGLQPRENW,1
LAYEYHQYS,1
GMKCFSALW,1
LIMCFWQQL,1
ENFKQGKSK,1
NGLNRRQHA,1
HALNWETDK,1
ISTYAFPTG,1
HSIRSNRQC,1
WFPQWDMNQ,1
GSFTMDPAP,1
NSCCDVLSH,1
TLARSATMF,1
HTQVKDERE,1
KFMFTRFYG,1
RASKHIEYH,1
DVCLSATRW,1
HYMRVYMAI,1
YFMHTYCCT,1
EDVAVEEDI,1
RTSDSEMLH,1
YMWYDAMID,1
HISPFFEGY,1
GYTHSIYYF,1
FITEICTSG,1
QMLNKQAAW,1
FKHIWESDY,1
MIFTYKHKF,1
WYMTMGQDL,1
SNKYLSSIM,1
CLCMCDPSP,1
RKFIIRVND,1
GGCVHEETI,1
TFDWWTLMH,1
INKVYDWTR,1
RHKACKDRM,1
VWQIMLHTE,1
NGCTTRLCG,1
AKQMNACCL,1
HAMKMSWKQ,1
WSTDSAESK,1
KLTDKWYRM,1
QIDIKIKSC,1
MQVDKDHIA,1
HLICQCGSP,1
GLAMNHILT,1
DMMKAWAGE,1
YYRIMWWED,1
WKADAKQLY,1
QIISRLPKR,1
AYQMWASND,1
FNSMDPVSA,1
WQFIIQSAR,1
LTYMFHDWS,1
IAPPKHLRP,1
CNGMAMTTQ,1
YMLNYIDKR,1
ESGCLECKC,1
WNQFNLWQI,1
KQARLDIST,1
SCSFSARDA,1
FFRMYHMEN,1
WVHNIQCPP,1
IANPVWPTN,1
YCGSQCWFG,1
ERFWRLPWM,1
QCGLTMPCK,1
AHKPQCAID,1
PWQVGYWEC,1
VTLIADNML,1
VCNCEQILV,1
GGYSRDVWD,1
FLISDYAID,1
NHHNKIYFA,1
GTRWYDSVE,0
YIFGFHEGM,0
VWACWDSQE,0
RFAEGYLMM,0
HEPGGTHGF,0
CRNNCLPVI,0
SFDFYVKNV,0
KPGNVAHRN,0
EYMHHYWQD,0
AAWNLPKQT,0
RWCHFWNVR,0
QPALQHWCW,0
PLLCNLKKR,0
YWVPRDWAG,0
PCGHESSMF,0
YKMFSSNGE,0
FYELQCLPT,0
FNTQKQLVV,0
ICHWVDCTE,0
WPIDYWCDI,0
MILCGSMCY,0
LPEEEKQPN,0
SDECASMGM,0
PCYITMLAR,0
QAVRTMLPD,0
SENNLTTTC,0
NHGNLDRYC,0
NTAENWFHW,0
FPLEQNTSH,0
NSKCTDDDM,0
IKYENYSMQ,0
YRSRRHYYN,0
AQNSKDSKP,0
GSDMNISLP,0
GFNQATYYN,0
LYKKLILGP,0
AEHISSERG,0
VFSAWLASL,0
PSNTHCPQR,0
VIYSNLLYT,0
KNDFAQKLY,0
CQSQMVKCH,0
PENEVGYEA,0
ISTACGPTA,0
ELCIYGWGH,0
SRFGMIIPF,0
IGSPRNHPG,0
GMRATCTQD,0
WNNTEVQDH,0
DTHCHRSHY,0
QNCAWLRNR,0
RKTTIIWRI,0
WQGECEIKW,0
RLYMPMDEK,0
REETCHGPM,0
RGGQAWSSA,0
EVHNHCTDA,0
WKIPSCNCD,0
RSETYGMMP,0
LKDIPPKHE,0
APSESCLIE,0
VSMLKIEPC,0
VFWIIPDWQ,0
MMVNGDWQL,0
EMIIYIQKR,0
SNDWNNKEN,0
PVDTNHCNS,0
GVCQPPMKS,0
KNEYMDVTL,0
YCSTTCFSK,0
SGEDPEWLR,0
RHSNPGGQM,0
KRWPAACQR,0
YKTMSTFSD,0
LVCFCRYYS,0
NARQLEGDD,0
PLDKNINSV,0
DQQSGHIFH,0
WHPESLVKG,0
FAGWMNEDH,0
WLIQKQYSL,0
ARHSDDVGT,0
SMMKCSKME,0
EPSVKDGQV,0
DQWCTRVYP,0
YRELLHLQR,0
CPEWVMKYN,0
EFQRRWCHK,0
KEEMFTNHV,0
NDTLMDTML,0
MTTVQFEPN,0
INFPRYDEC,0
RPCAFMWEA,0
AFYWFFLFP,0
GYQVRTVYE,0
QQSFVVFRP,0
PPPLVPAIH,0
PWWSRYRGC,0
ICFLMQCQC,0
IPDVHAALQ,0
PHSWHNKWV,0
AQNTRFDMF,0
WRDHIYYSH,0
KDPHKCQCL,0
RHFQKIDMP,0
GMHMLKHYT,0
EFTPARSGW,0
NWSIWRFAR,0
KEWWKQYHH,0
LAANEDVAK,0
SHADDAAFY,0
THGTNWTCG,0
ISYIPLKFA,0
GFKCGHRRN,0
GWNATETCR,0
KWFGDDRTS,0
MQGNPETPH,0
PAANDCSGY,0
LRCCETPLM,0
PWMNNRCTR,0
QDSDRYVGL,0
SAIQASETE,0
VMQFFVVPF,0
CMLNLISKV,0
ITHDRWDCG,0
KLMMSQRMA,0
AFGKWPYYR,0
GKNGEHSGE,0
PFHKMQNNC,0
YTEALGDNG,0
ISWIVKCPH,0
IVNWWFWFW,0
VFKAVFVRG,0
NMHNIWQAQ,0
IDCIDGDRI,0
VLTPKTLTG,0
DNIAQDYFC,0
GINDNDLAW,0
TQTQAYEPD,0
CYDVGEEYR,0
YEPQNQHSV,0
SECDPYLIV,0
MKYMTAAHC,0
ERLAQAWMV,0
LEMGIAGCP,0
EHDGVAKFA,0
GPWWTAWQT,0
WWQQQRYQR,0
EGKCPYRFP,0
YDHEFGSWE,0
EPLVTANQS,0
NMTRATRSL,0
NQESGCSCM,0
WVFDSAVWD,0
WLNTQRNAW,0
WKGYNAWDP,0
WKYRLFTGH,0
KKNIGWTFV,0
CFPQLRHYS,0
IGDEPLWPN,0
FPAGHTPFW,0
LVHKNPFVQ,0
LDRSSVSTV,0
WDVSWAAKY,0
GGIQQNVHL,0
NSEPDYNHN,0
ITPNFFIAE,0
GMNFRINHS,0
VIVYTHIDA,0
HHHVKECHV,0
PYGDYIYFF,0
NRCNLCGMD,0
WYTRCCHTY,0
LQFQTAIML,0
TTIHMRPCE,0
RMKWPTHFI,0
DDDDWGQRE,0
GGEPTSICW,0
HVNFIEIED,0
CDLVTLYAD,0
NNIKEIIHE,0
LDGFDIITL,0
PMEERINHD,0
HMEDNERMK,0
EMEYYPDYD,0
NECFTSESP,0
ASMVHHTTS,0
HSFAATCLM,0
WLFCTSLFE,0
HGGMSNVGT,0
GWTCCPTRL,0
PSRVIYTMS,0
SGISFFIKV,0
GPHKKSSCF,0
PNPDRFVFW,0
YIVTQSFRW,0
RESWVKMIW,0
AHQDGMVHI,0
DPQKHVAPD,0
VQKLYSRWY,0
FFDDTFLMF,0
AMVLQWDTL,0
FHKDEKTKM,0
NTLWFMFIQ,0
PSENHTGMW,0
YGNTPWFSD,0
WIMSLHMWL,0
YNHTMYRWN,0
AEYNDTASM,0
WAFDSFKHC,0
RVVDQMFSQ,0
PCRDDVDID,0
DTYKEIHPW,0
RQNEKPHDW,0
QRTIICLNP,0
AQTTKCDNM,0
DMQRPGAWL,0
MVDTWEDMP,0
RLHIGGFMC,0
WNMPDKILV,0
ELNNVVHLC,0
AKFAVSPCT,0
LAPQQRDRC,0
WGAFPSAHQ,0
YLMVGFSME,0
MNALNQWRL,0
TKTKIIMCN,0
FTKGMWMFW,0
FDSESAACR,0
NQRSCTLPQ,0
KMMDVDQAT,0
WERMYMPTW,0
NFFWAWVMI,0
SQQVYHRTQ,0
GHSGFYWRV,0
NGMTFDLKE,0
LPRWIKCAI,0
LHYHHLCNP,0
EHIIFDRNG,0
KMDIPLQME,0
RFKNHPDQK,0
VTYIFQITV,0
YSSFYNAKW,0
RDRTRRMTH,0
AWGFAFWKS,0
WSLVMHRHT,0
GFWLKILKY,0
FRMEHCIML,0
DHGIDCFFS,0
HYDEKNCGM,0
DTIYMVHWN,0
SFWYSHLCF,0
RSPITKDTL,0
DRWVRNDDK,0
LFWDYIGEW,0
QTEHFLCRD,0
LQFAPQNGV,0
RQRGAAFFT,0
RLQQTPGWQ,0
DIKHYNPEV,0
QCITLIDHF,0
KDYPHAKHD,0
ETDGLYPQL,0
LPNDMNFRH,0
VFHDFTTYG,0
AAVRYKKTH,0
MACQGAVYY,0
KDNRRDKCP,0
MCACLRWWQ,0
WMLYGLKNH,0
HRLFKVVDI,0
NVFRNCGID,0
AHMKFADGA,0
TCDQVQANQ,0
RCWENTCHF,0
LHLGCQPKN,0
YYQEHAAAH,0
APDNDVITI,0
TWHGSYYPP,0
SHGMPFCLN,0
NCCNMMHLV,0
WAVRDFMGI,0
PPELTLHDH,0
PRRPPMCDK,0
NMQIPTYRQ,0
SGAAVADES,0
MGMDWHEET,0
IRNRQEYKD,0
IDRVQASDA,0
WQALAESDW,0
PPYCHGWNC,0
IECNGDHDQ,0
DTINWKGSE,0
VCCQHCFAN,0
SCSYCTMEW,0
NQFQVGQCH,0
DPAMVVWNC,0
NALGKWNMK,0
LHINASTFG,0
ILKKSAVNS,0
PNNGQNWDE,0
EDWTMCLRE,0
MAPYYIRDG,0
HVILLWDCF,0
PDFMEEYSA,0
GHIFFECTV,0
DAIKAHLFK,0
TGVKVWIGI,0
MALYFKFMY,0
PIRKCRGCV,0
EPPNEHPIF,0
WENNSEQKL,0
PDYTCCRIE,0
EAQIWRTRT,0
KWPYFTQYD,0
RAFERNGRS,0
NLHRIRNQY,0
YKQEEICRY,0
MIKMLLLST,0
ERWHYCPRE,0
GYKGFLKAS,0
DLDWKQKFY,0
WQYPWTTGD,0
TDLQHFPWA,0
KDHQGDVVI,0
EGKLTGWHV,0
QICILTYAS,0
FWPRWFVKF,0
DHYNWTFRD,0
PHSPAHGGD,0
YRVMACVIP,0
RQRNDYHQA,0
IDMCDTCPP,0
WEQGHFNKA,0
QTQKKHTNS,0
AYDRIEFTL,0
FYKQHIYYI,0
CECEVLGFN,0
AYPVQFPGR,0
WFMPPVFRL,0
PPQCDVYIE,0
SYNAGQHQC,0
SMIEVETHM,0
FNMDCMLMV,0
DALNSTAFM,0
FCNPCKTWV,0
DMLPILRME,0
RYNVCHPCQ,0
TREQIIHMA,0
DWQSYFNCN,0
CKNFRRYWV,0
AVGWECQSN,0
NVPEKIRTK,0
IDRHHLAED,0
KQQSELFEH,0
PIMRMRQWT,0
ALYTPRVSV,0
EFFFITNWK,0
GRAVWDRML,0
IEWMYGLVL,0
RGHGPIKMK,0
ENGRGLQDS,0
LASMWYMVG,0
SCHEELFME,0
TEQDRGYIQ,0
FKLKGVLLG,0
HETNQFCNA,0
HGFLPEILR,0
GNSVPNVMG,0
CTTKPMLWP,0
NFMGFPMRD,0
KHQSDLKNG,0
FDALWRFYT,0
DFMFADTCN,0
IATDHLGVY,0
DKIFFRHDK,0
DAPLEGESM,0
WIKGSSYFI,0
QMDCGDQHL,0
ALIIGIGTQ,0
PPWEKCDRW,0
SLLCRIDSP,0
YIYKNICIS,0
WSMVKPTWF,0
VAGNNGFND,0
DAWHFMSGW,0
IFNFKCMVK,0
VRWHQCWNH,0
CMVFDMMAF,0
QNADGEVMA,0
WMVDCADGD,0
HFPVPAFTK,0
IQRLEWKNY,0
NYDSIYGWL,0
TQICLRDKM,0
LSEGQPLLH,0
AWLRLMGSF,0
RPELMFQVV,0
FLFMIYNVF,0
GQKAIAQSQ,0
MPNVEFPPH,0
SATDQYMQP,0
LGRSHMVGT,0
VESCMQCKL,0
KSVTMGFSD,0
GGLRFFARS,0
PDDEMARKN,0
DMAQLNRRR,0
PYDGDKWYW,0
YKPWWCSEW,0
ATCYFHDEG,0
VQMGIFPPI,0
MTPDNHSSI,0
TSVDIKWTM,0
YDGTAFYKL,0
GGECWKHGL,0
NVRPATMCP,0
SGAHLKSPW,0
VNNSWPPIS,0
TQTWWWNKA,0
HTRVAIGAA,0
CMCLACGHM,0
GENYVEFAW,0
CEQHIDEGF,0
SIICLGTCN,0
EYDMTLVFE,0
TNHYFLFCV,0
CQGALGRYP,0
TAEGVNGTR,0
KTAFNGAFK,0
VSFLEPLGQ,0
QVLDNFRII,0
SKTFHELKG,0
YESMTDDNR,0
GKAYEWPIE,0
TPGDWSRRM,0
DWNIRPKIW,0
PMCTLFCDR,0
SYNHGCGAC,0
DDIFLMLMM,0
ETWAETKLK,0
SVCGYKALH,0
NTDYCVQAR,0
QPRARQEEV,0
KCKVPARQQ,0
CNQQRMIVM,0
MCDMDVAFY,0
YKWMKQWGE,0
FFYDDDCSE,0
RRSCAIKCD,0
TRCLVAIQC,0
RPETRWIIA,0
YPNQWSKKK,0
QKSCTWNPL,0
FNNLYKMKP,0
LLAQPREMN,0
QWMRSHSVC,0
RQTTRLNQS,0
ASDIKCVTK,0
RTGRIALAI,0
WEVYMTNDG,0
NEMYNRFNC,0
LAGMCQACL,0
VWNWAAWYT,0
SLHQSRIKH,0
MVACLDWWH,0
IFKYPNMTY,0
KTESEYMCN,0
YYSNNAMIV,0
TNYMLEWHS,0
DWVHQLDAM,0
CDSWDHIGK,0
LHFQYHGYL,0
NCDNDRDHE,0
RDEPNIGHN,0
EINEHWFTQ,0
VGVHFIPGW,0
CTIKVRYQW,0
NNPQVGQKK,0
LGYMMSQDV,0
DDFTKAQLQ,0
YHHCWDERN,0
SKGHWTVTV,0
FFIQTLLHP,0
TWYEERNPQ,0
KMIMGDLEL,0
GRGVAERRE,0
LEGIEGDIC,0
TYRHNLWPA,0
SHVAGAPNQ,0
YQKQPSTHC,0
IDKFRMEEE,0
AAHIFCERA,0
VKQMFNITP,0
GLTYHELRG,0
EEWDIGDKV,0
MIMDLIGEE,0
SQDNYCPYD,0
KFEAVWVPL,0
HAPDNSVDG,0
